stage,model,feature_type,ngram_range,preprocessing,parameters,cv_accuracy,cv_std,val_accuracy,accuracy,precision,recall,specificity,roc_auc,training_time,inference_time,notes,best_for_model
classical,logreg,tfidf,1-2,negation,"{""C"": 0.1} max_features=30000",0.86928,0.002600307674103223,not_run,not_run,not_run,not_run,not_run,not_run,1.8638529777526855,not_run,not_run,False
classical,logreg,tfidf,1-2,negation,"{""C"": 1} max_features=30000",0.89704,0.0028039971469314843,not_run,not_run,not_run,not_run,not_run,not_run,1.7248103618621826,not_run,not_run,False
classical,logreg,tfidf,1-2,negation,"{""C"": 10} max_features=30000",0.9026799999999999,0.003206493411812988,not_run,not_run,not_run,not_run,not_run,not_run,2.6240691184997558,not_run,not_run,True
classical,linear_svm,tfidf,1-2,negation,"{""C"": 0.01} max_features=30000",0.8671200000000001,0.0033240938614906945,not_run,not_run,not_run,not_run,not_run,not_run,1.2507015705108642,not_run,not_run,False
classical,linear_svm,tfidf,1-2,negation,"{""C"": 0.1} max_features=30000",0.8987999999999999,0.0035507745633875445,not_run,not_run,not_run,not_run,not_run,not_run,1.2843262672424316,not_run,not_run,False
classical,linear_svm,tfidf,1-2,negation,"{""C"": 1} max_features=30000",0.89916,0.002578061287091523,not_run,not_run,not_run,not_run,not_run,not_run,1.6131965160369872,not_run,not_run,True
classical,naive_bayes,tfidf,1-2,negation,"{""alpha"": 0.1} max_features=30000",0.87788,0.00408235226309539,not_run,not_run,not_run,not_run,not_run,not_run,0.9548343181610107,not_run,not_run,False
classical,naive_bayes,tfidf,1-2,negation,"{""alpha"": 0.5} max_features=30000",0.8782400000000001,0.0036318590281011723,not_run,not_run,not_run,not_run,not_run,not_run,0.6733530998229981,not_run,not_run,True
classical,naive_bayes,tfidf,1-2,negation,"{""alpha"": 1.0} max_features=30000",0.87788,0.004123299649552523,not_run,not_run,not_run,not_run,not_run,not_run,1.245375394821167,not_run,not_run,False
classical,knn,tfidf,1-2,negation,"{""n_neighbors"": 15} max_features=30000",0.8380000000000001,0.004092920717531682,not_run,not_run,not_run,not_run,not_run,not_run,10.999081659317017,not_run,not_run,False
classical,knn,tfidf,1-2,negation,"{""n_neighbors"": 31} max_features=30000",0.85136,0.003885151219708181,not_run,not_run,not_run,not_run,not_run,not_run,12.784309244155883,not_run,not_run,True
classical,random_forest,tfidf,1-2,negation,"{""max_features"": ""sqrt"", ""n_estimators"": 100} max_features=5000",0.84276,0.0025966131787387913,not_run,not_run,not_run,not_run,not_run,not_run,49.93392248153687,not_run,not_run,True
classical,gradient_boosting,tfidf,1-2,negation,"{""learning_rate"": 0.1, ""max_depth"": 3, ""max_features"": ""sqrt"", ""n_estimators"": 100, ""subsample"": 0.8} max_features=5000",0.82108,0.0034096334113801583,not_run,not_run,not_run,not_run,not_run,not_run,5.830739831924438,not_run,not_run,True
classical,voting_lr_nb,tfidf,1-2,negation,"{""C"": 10, ""alpha"": 0.5} max_features=30000",0.9023999999999999,0.003375203697556632,not_run,not_run,not_run,not_run,not_run,not_run,not_run,not_run,soft voting: LogisticRegression + MultinomialNB,True
