stage,model,feature_type,ngram_range,preprocessing,parameters,cv_accuracy,cv_std,val_accuracy,accuracy,precision,recall,specificity,roc_auc,training_time,inference_time,notes
feature_experiment,logreg,binary,1-1,basic,"{""C"": 1.0} max_features=30000",0.8761599999999999,0.0029863690327888194,not_run,not_run,not_run,not_run,not_run,not_run,3.223035955429077,not_run,proxy model = LogisticRegression C=1
feature_experiment,logreg,count,1-1,basic,"{""C"": 1.0} max_features=30000",0.8761600000000002,0.0030262848511004438,not_run,not_run,not_run,not_run,not_run,not_run,6.463363409042358,not_run,proxy model = LogisticRegression C=1
feature_experiment,logreg,tfidf,1-1,basic,"{""C"": 1.0} max_features=30000",0.8912800000000001,0.0030241693074297333,not_run,not_run,not_run,not_run,not_run,not_run,0.9924439907073974,not_run,proxy model = LogisticRegression C=1
feature_experiment,logreg,binary,1-2,basic,"{""C"": 1.0} max_features=30000",0.88752,0.0038086217979736614,not_run,not_run,not_run,not_run,not_run,not_run,5.042847347259522,not_run,proxy model = LogisticRegression C=1
feature_experiment,logreg,count,1-2,basic,"{""C"": 1.0} max_features=30000",0.8874000000000001,0.0038283155564817232,not_run,not_run,not_run,not_run,not_run,not_run,9.78077974319458,not_run,proxy model = LogisticRegression C=1
feature_experiment,logreg,tfidf,1-2,basic,"{""C"": 1.0} max_features=30000",0.89588,0.003725801927102384,not_run,not_run,not_run,not_run,not_run,not_run,1.7938537120819091,not_run,proxy model = LogisticRegression C=1
feature_experiment,logreg,binary,1-3,basic,"{""C"": 1.0} max_features=30000",0.88652,0.0030135693122939405,not_run,not_run,not_run,not_run,not_run,not_run,5.652362871170044,not_run,proxy model = LogisticRegression C=1
feature_experiment,logreg,count,1-3,basic,"{""C"": 1.0} max_features=30000",0.88612,0.00425318704032632,not_run,not_run,not_run,not_run,not_run,not_run,10.678989458084107,not_run,proxy model = LogisticRegression C=1
feature_experiment,logreg,tfidf,1-3,basic,"{""C"": 1.0} max_features=30000",0.89384,0.003642856022408797,not_run,not_run,not_run,not_run,not_run,not_run,1.1154178142547608,not_run,proxy model = LogisticRegression C=1
feature_experiment,logreg,binary,2-3,basic,"{""C"": 1.0} max_features=30000",0.8568,0.0025329824318379873,not_run,not_run,not_run,not_run,not_run,not_run,1.4115885734558105,not_run,proxy model = LogisticRegression C=1
feature_experiment,logreg,count,2-3,basic,"{""C"": 1.0} max_features=30000",0.8572,0.004339585233636981,not_run,not_run,not_run,not_run,not_run,not_run,1.729231023788452,not_run,proxy model = LogisticRegression C=1
feature_experiment,logreg,tfidf,2-3,basic,"{""C"": 1.0} max_features=30000",0.8685600000000001,0.003387978748457533,not_run,not_run,not_run,not_run,not_run,not_run,1.6143414974212646,not_run,proxy model = LogisticRegression C=1
feature_experiment,logreg,tfidf,1-1,negation,"{""C"": 1.0} max_features=30000",0.89436,0.00408391968579206,not_run,not_run,not_run,not_run,not_run,not_run,0.7711010932922363,not_run,proxy model = LogisticRegression C=1
feature_experiment,logreg,tfidf,1-2,negation,"{""C"": 1.0} max_features=30000",0.89704,0.0028039971469314843,not_run,not_run,not_run,not_run,not_run,not_run,1.6961274147033691,not_run,proxy model = LogisticRegression C=1
feature_experiment,logreg,tfidf,1-3,negation,"{""C"": 1.0} max_features=30000",0.89384,0.003481149235525536,not_run,not_run,not_run,not_run,not_run,not_run,2.33581862449646,not_run,proxy model = LogisticRegression C=1
feature_experiment,logreg,tfidf,2-3,negation,"{""C"": 1.0} max_features=30000",0.86872,0.0031256359352938028,not_run,not_run,not_run,not_run,not_run,not_run,1.5253689765930176,not_run,proxy model = LogisticRegression C=1
