stage,model,feature_type,ngram_range,preprocessing,parameters,cv_accuracy,cv_std,val_accuracy,accuracy,precision,recall,specificity,roc_auc,training_time,inference_time,notes,architecture,activation,optimizer,l2,n_epochs
ann_step_A,ann,tfidf,1-2,negation,"{""activation"": ""sigmoid"", ""hidden"": [30, 30, 20, 10, 10], ""l2"": 0.0, ""lr"": 0.001, ""optimizer"": ""adam""} max_features=30000",not_run,not_run,0.9018,not_run,not_run,not_run,not_run,not_run,51.15720796585083,not_run,not_run,paper_30-30-20-10-10,sigmoid,adam,0.0,11.0
ann_step_A,ann,tfidf,1-2,negation,"{""activation"": ""tanh"", ""hidden"": [30, 30, 20, 10, 10], ""l2"": 0.0, ""lr"": 0.001, ""optimizer"": ""adam""} max_features=30000",not_run,not_run,0.8886,not_run,not_run,not_run,not_run,not_run,20.694782257080078,not_run,not_run,paper_30-30-20-10-10,tanh,adam,0.0,5.0
ann_step_A,ann,tfidf,1-2,negation,"{""activation"": ""relu"", ""hidden"": [30, 30, 20, 10, 10], ""l2"": 0.0, ""lr"": 0.001, ""optimizer"": ""adam""} max_features=30000",not_run,not_run,0.893,not_run,not_run,not_run,not_run,not_run,20.083086490631104,not_run,not_run,paper_30-30-20-10-10,relu,adam,0.0,5.0
ann_step_A,ann,tfidf,1-2,negation,"{""activation"": ""sigmoid"", ""hidden"": [64, 32], ""l2"": 0.0, ""lr"": 0.001, ""optimizer"": ""adam""} max_features=30000",not_run,not_run,0.8984,not_run,not_run,not_run,not_run,not_run,45.985031843185425,not_run,not_run,64-32,sigmoid,adam,0.0,11.0
ann_step_A,ann,tfidf,1-2,negation,"{""activation"": ""tanh"", ""hidden"": [64, 32], ""l2"": 0.0, ""lr"": 0.001, ""optimizer"": ""adam""} max_features=30000",not_run,not_run,0.898,not_run,not_run,not_run,not_run,not_run,17.702146530151367,not_run,not_run,64-32,tanh,adam,0.0,5.0
ann_step_A,ann,tfidf,1-2,negation,"{""activation"": ""relu"", ""hidden"": [64, 32], ""l2"": 0.0, ""lr"": 0.001, ""optimizer"": ""adam""} max_features=30000",not_run,not_run,0.8992,not_run,not_run,not_run,not_run,not_run,17.699893474578857,not_run,not_run,64-32,relu,adam,0.0,5.0
ann_step_A,ann,tfidf,1-2,negation,"{""activation"": ""sigmoid"", ""hidden"": [128, 64, 32], ""l2"": 0.0, ""lr"": 0.001, ""optimizer"": ""adam""} max_features=30000",not_run,not_run,0.8998,not_run,not_run,not_run,not_run,not_run,71.23229193687439,not_run,not_run,128-64-32,sigmoid,adam,0.0,8.0
ann_step_A,ann,tfidf,1-2,negation,"{""activation"": ""tanh"", ""hidden"": [128, 64, 32], ""l2"": 0.0, ""lr"": 0.001, ""optimizer"": ""adam""} max_features=30000",not_run,not_run,0.8932,not_run,not_run,not_run,not_run,not_run,28.653180837631226,not_run,not_run,128-64-32,tanh,adam,0.0,4.0
ann_step_A,ann,tfidf,1-2,negation,"{""activation"": ""relu"", ""hidden"": [128, 64, 32], ""l2"": 0.0, ""lr"": 0.001, ""optimizer"": ""adam""} max_features=30000",not_run,not_run,0.8942,not_run,not_run,not_run,not_run,not_run,28.381524801254272,not_run,not_run,128-64-32,relu,adam,0.0,4.0
ann_step_B,ann,tfidf,1-2,negation,"{""activation"": ""sigmoid"", ""hidden"": [30, 30, 20, 10, 10], ""l2"": 0.0, ""lr"": 0.1, ""optimizer"": ""sgd""} max_features=30000",not_run,not_run,0.5,not_run,not_run,not_run,not_run,not_run,3.457538604736328,not_run,not_run,paper_30-30-20-10-10,sigmoid,sgd,0.0,4.0
ann_step_B,ann,tfidf,1-2,negation,"{""activation"": ""sigmoid"", ""hidden"": [30, 30, 20, 10, 10], ""l2"": 0.0, ""lr"": 0.05, ""optimizer"": ""momentum""} max_features=30000",not_run,not_run,0.5,not_run,not_run,not_run,not_run,not_run,4.493256330490112,not_run,not_run,paper_30-30-20-10-10,sigmoid,momentum,0.0,5.0
ann_step_B,ann,tfidf,1-2,negation,"{""activation"": ""sigmoid"", ""hidden"": [30, 30, 20, 10, 10], ""l2"": 0.0, ""lr"": 0.05, ""optimizer"": ""adagrad""} max_features=30000",not_run,not_run,0.8804,not_run,not_run,not_run,not_run,not_run,5.223531723022461,not_run,not_run,paper_30-30-20-10-10,sigmoid,adagrad,0.0,4.0
ann_step_C,ann,tfidf,1-2,negation,"{""activation"": ""sigmoid"", ""hidden"": [30, 30, 20, 10, 10], ""l2"": 1e-05, ""lr"": 0.001, ""optimizer"": ""adam""} max_features=30000",not_run,not_run,0.5,not_run,not_run,not_run,not_run,not_run,8.05640959739685,not_run,not_run,paper_30-30-20-10-10,sigmoid,adam,1e-05,4.0
ann_step_C,ann,tfidf,1-2,negation,"{""activation"": ""sigmoid"", ""hidden"": [30, 30, 20, 10, 10], ""l2"": 0.0001, ""lr"": 0.001, ""optimizer"": ""adam""} max_features=30000",not_run,not_run,0.5,not_run,not_run,not_run,not_run,not_run,8.004086256027222,not_run,not_run,paper_30-30-20-10-10,sigmoid,adam,0.0001,4.0
ann_step_C,ann,tfidf,1-2,negation,"{""activation"": ""sigmoid"", ""hidden"": [30, 30, 20, 10, 10], ""l2"": 0.001, ""lr"": 0.001, ""optimizer"": ""adam""} max_features=30000",not_run,not_run,0.5,not_run,not_run,not_run,not_run,not_run,7.749248266220093,not_run,not_run,paper_30-30-20-10-10,sigmoid,adam,0.001,4.0
ann_cv_feature_improved_paper_ann,ann,tfidf,1-2,negation,"{""activation"": ""relu"", ""hidden"": [30, 30, 20, 10, 10], ""l2"": 0.0, ""lr"": 0.001, ""optimizer"": ""adam""} max_features=30000",0.9014,0.004005995506737346,not_run,not_run,not_run,not_run,not_run,not_run,not_run,not_run,not_run,paper_30-30-20-10-10,relu,adam,0.0,not_run
ann_cv_best,ann,tfidf,1-2,negation,"{""activation"": ""sigmoid"", ""hidden"": [30, 30, 20, 10, 10], ""l2"": 0.0, ""lr"": 0.001, ""optimizer"": ""adam""} max_features=30000",0.90388,0.00333850265837845,not_run,not_run,not_run,not_run,not_run,not_run,not_run,not_run,not_run,paper_30-30-20-10-10,sigmoid,adam,0.0,not_run
