source_file,stage,model,feature_type,ngram_range,preprocessing,parameters,cv_accuracy,cv_std,val_accuracy,accuracy,precision,recall,specificity,roc_auc,training_time,inference_time,notes,best_for_model,train_accuracy,gap_train_minus_val,architecture,activation,optimizer,l2,n_epochs,tn,fp,fn,tp
paper_baseline.csv,PAPER REPRODUCTION,ann,binary,1-3,basic,"{""activation"": ""relu"", ""hidden"": [30, 30, 20, 10, 10], ""l2"": 0.0, ""lr"": 0.001, ""optimizer"": ""adam""} max_features=30000",0.88888,0.0025348767228407,0.8748,not_run,not_run,not_run,not_run,not_run,18.81712245941162,not_run,Architecture/features from the brief; activation/optimizer/lr/batch are ASSUMPTIONS,not_run,not_run,not_run,not_run,not_run,not_run,not_run,not_run,not_run,not_run,not_run,not_run
feature_experiments.csv,feature_experiment,logreg,binary,1-1,basic,"{""C"": 1.0} max_features=30000",0.8761599999999999,0.0029863690327888,not_run,not_run,not_run,not_run,not_run,not_run,3.223035955429077,not_run,proxy model = LogisticRegression C=1,not_run,not_run,not_run,not_run,not_run,not_run,not_run,not_run,not_run,not_run,not_run,not_run
feature_experiments.csv,feature_experiment,logreg,count,1-1,basic,"{""C"": 1.0} max_features=30000",0.8761600000000002,0.0030262848511004,not_run,not_run,not_run,not_run,not_run,not_run,6.463363409042358,not_run,proxy model = LogisticRegression C=1,not_run,not_run,not_run,not_run,not_run,not_run,not_run,not_run,not_run,not_run,not_run,not_run
feature_experiments.csv,feature_experiment,logreg,tfidf,1-1,basic,"{""C"": 1.0} max_features=30000",0.8912800000000001,0.0030241693074297,not_run,not_run,not_run,not_run,not_run,not_run,0.9924439907073974,not_run,proxy model = LogisticRegression C=1,not_run,not_run,not_run,not_run,not_run,not_run,not_run,not_run,not_run,not_run,not_run,not_run
feature_experiments.csv,feature_experiment,logreg,binary,1-2,basic,"{""C"": 1.0} max_features=30000",0.88752,0.0038086217979736,not_run,not_run,not_run,not_run,not_run,not_run,5.042847347259522,not_run,proxy model = LogisticRegression C=1,not_run,not_run,not_run,not_run,not_run,not_run,not_run,not_run,not_run,not_run,not_run,not_run
feature_experiments.csv,feature_experiment,logreg,count,1-2,basic,"{""C"": 1.0} max_features=30000",0.8874000000000001,0.0038283155564817,not_run,not_run,not_run,not_run,not_run,not_run,9.78077974319458,not_run,proxy model = LogisticRegression C=1,not_run,not_run,not_run,not_run,not_run,not_run,not_run,not_run,not_run,not_run,not_run,not_run
feature_experiments.csv,feature_experiment,logreg,tfidf,1-2,basic,"{""C"": 1.0} max_features=30000",0.89588,0.0037258019271023,not_run,not_run,not_run,not_run,not_run,not_run,1.7938537120819091,not_run,proxy model = LogisticRegression C=1,not_run,not_run,not_run,not_run,not_run,not_run,not_run,not_run,not_run,not_run,not_run,not_run
feature_experiments.csv,feature_experiment,logreg,binary,1-3,basic,"{""C"": 1.0} max_features=30000",0.88652,0.0030135693122939,not_run,not_run,not_run,not_run,not_run,not_run,5.652362871170044,not_run,proxy model = LogisticRegression C=1,not_run,not_run,not_run,not_run,not_run,not_run,not_run,not_run,not_run,not_run,not_run,not_run
feature_experiments.csv,feature_experiment,logreg,count,1-3,basic,"{""C"": 1.0} max_features=30000",0.88612,0.0042531870403263,not_run,not_run,not_run,not_run,not_run,not_run,10.678989458084107,not_run,proxy model = LogisticRegression C=1,not_run,not_run,not_run,not_run,not_run,not_run,not_run,not_run,not_run,not_run,not_run,not_run
feature_experiments.csv,feature_experiment,logreg,tfidf,1-3,basic,"{""C"": 1.0} max_features=30000",0.89384,0.0036428560224087,not_run,not_run,not_run,not_run,not_run,not_run,1.1154178142547608,not_run,proxy model = LogisticRegression C=1,not_run,not_run,not_run,not_run,not_run,not_run,not_run,not_run,not_run,not_run,not_run,not_run
feature_experiments.csv,feature_experiment,logreg,binary,2-3,basic,"{""C"": 1.0} max_features=30000",0.8568,0.0025329824318379,not_run,not_run,not_run,not_run,not_run,not_run,1.4115885734558105,not_run,proxy model = LogisticRegression C=1,not_run,not_run,not_run,not_run,not_run,not_run,not_run,not_run,not_run,not_run,not_run,not_run
feature_experiments.csv,feature_experiment,logreg,count,2-3,basic,"{""C"": 1.0} max_features=30000",0.8572,0.0043395852336369,not_run,not_run,not_run,not_run,not_run,not_run,1.729231023788452,not_run,proxy model = LogisticRegression C=1,not_run,not_run,not_run,not_run,not_run,not_run,not_run,not_run,not_run,not_run,not_run,not_run
feature_experiments.csv,feature_experiment,logreg,tfidf,2-3,basic,"{""C"": 1.0} max_features=30000",0.8685600000000001,0.0033879787484575,not_run,not_run,not_run,not_run,not_run,not_run,1.6143414974212646,not_run,proxy model = LogisticRegression C=1,not_run,not_run,not_run,not_run,not_run,not_run,not_run,not_run,not_run,not_run,not_run,not_run
feature_experiments.csv,feature_experiment,logreg,tfidf,1-1,negation,"{""C"": 1.0} max_features=30000",0.89436,0.004083919685792,not_run,not_run,not_run,not_run,not_run,not_run,0.7711010932922363,not_run,proxy model = LogisticRegression C=1,not_run,not_run,not_run,not_run,not_run,not_run,not_run,not_run,not_run,not_run,not_run,not_run
feature_experiments.csv,feature_experiment,logreg,tfidf,1-2,negation,"{""C"": 1.0} max_features=30000",0.89704,0.0028039971469314,not_run,not_run,not_run,not_run,not_run,not_run,1.6961274147033691,not_run,proxy model = LogisticRegression C=1,not_run,not_run,not_run,not_run,not_run,not_run,not_run,not_run,not_run,not_run,not_run,not_run
feature_experiments.csv,feature_experiment,logreg,tfidf,1-3,negation,"{""C"": 1.0} max_features=30000",0.89384,0.0034811492355255,not_run,not_run,not_run,not_run,not_run,not_run,2.33581862449646,not_run,proxy model = LogisticRegression C=1,not_run,not_run,not_run,not_run,not_run,not_run,not_run,not_run,not_run,not_run,not_run,not_run
feature_experiments.csv,feature_experiment,logreg,tfidf,2-3,negation,"{""C"": 1.0} max_features=30000",0.86872,0.0031256359352938,not_run,not_run,not_run,not_run,not_run,not_run,1.5253689765930176,not_run,proxy model = LogisticRegression C=1,not_run,not_run,not_run,not_run,not_run,not_run,not_run,not_run,not_run,not_run,not_run,not_run
classical_models.csv,classical,logreg,tfidf,1-2,negation,"{""C"": 0.1} max_features=30000",0.86928,0.0026003076741032,not_run,not_run,not_run,not_run,not_run,not_run,1.8638529777526855,not_run,not_run,False,not_run,not_run,not_run,not_run,not_run,not_run,not_run,not_run,not_run,not_run,not_run
classical_models.csv,classical,logreg,tfidf,1-2,negation,"{""C"": 1} max_features=30000",0.89704,0.0028039971469314,not_run,not_run,not_run,not_run,not_run,not_run,1.7248103618621826,not_run,not_run,False,not_run,not_run,not_run,not_run,not_run,not_run,not_run,not_run,not_run,not_run,not_run
classical_models.csv,classical,logreg,tfidf,1-2,negation,"{""C"": 10} max_features=30000",0.90268,0.0032064934118129,not_run,not_run,not_run,not_run,not_run,not_run,2.6240691184997558,not_run,not_run,True,not_run,not_run,not_run,not_run,not_run,not_run,not_run,not_run,not_run,not_run,not_run
classical_models.csv,classical,linear_svm,tfidf,1-2,negation,"{""C"": 0.01} max_features=30000",0.8671200000000001,0.0033240938614906,not_run,not_run,not_run,not_run,not_run,not_run,1.2507015705108642,not_run,not_run,False,not_run,not_run,not_run,not_run,not_run,not_run,not_run,not_run,not_run,not_run,not_run
classical_models.csv,classical,linear_svm,tfidf,1-2,negation,"{""C"": 0.1} max_features=30000",0.8987999999999999,0.0035507745633875,not_run,not_run,not_run,not_run,not_run,not_run,1.2843262672424316,not_run,not_run,False,not_run,not_run,not_run,not_run,not_run,not_run,not_run,not_run,not_run,not_run,not_run
classical_models.csv,classical,linear_svm,tfidf,1-2,negation,"{""C"": 1} max_features=30000",0.89916,0.0025780612870915,not_run,not_run,not_run,not_run,not_run,not_run,1.6131965160369872,not_run,not_run,True,not_run,not_run,not_run,not_run,not_run,not_run,not_run,not_run,not_run,not_run,not_run
classical_models.csv,classical,naive_bayes,tfidf,1-2,negation,"{""alpha"": 0.1} max_features=30000",0.87788,0.0040823522630953,not_run,not_run,not_run,not_run,not_run,not_run,0.9548343181610107,not_run,not_run,False,not_run,not_run,not_run,not_run,not_run,not_run,not_run,not_run,not_run,not_run,not_run
classical_models.csv,classical,naive_bayes,tfidf,1-2,negation,"{""alpha"": 0.5} max_features=30000",0.8782400000000001,0.0036318590281011,not_run,not_run,not_run,not_run,not_run,not_run,0.6733530998229981,not_run,not_run,True,not_run,not_run,not_run,not_run,not_run,not_run,not_run,not_run,not_run,not_run,not_run
classical_models.csv,classical,naive_bayes,tfidf,1-2,negation,"{""alpha"": 1.0} max_features=30000",0.87788,0.0041232996495525,not_run,not_run,not_run,not_run,not_run,not_run,1.245375394821167,not_run,not_run,False,not_run,not_run,not_run,not_run,not_run,not_run,not_run,not_run,not_run,not_run,not_run
classical_models.csv,classical,knn,tfidf,1-2,negation,"{""n_neighbors"": 15} max_features=30000",0.8380000000000001,0.0040929207175316,not_run,not_run,not_run,not_run,not_run,not_run,10.999081659317017,not_run,not_run,False,not_run,not_run,not_run,not_run,not_run,not_run,not_run,not_run,not_run,not_run,not_run
classical_models.csv,classical,knn,tfidf,1-2,negation,"{""n_neighbors"": 31} max_features=30000",0.85136,0.0038851512197081,not_run,not_run,not_run,not_run,not_run,not_run,12.784309244155883,not_run,not_run,True,not_run,not_run,not_run,not_run,not_run,not_run,not_run,not_run,not_run,not_run,not_run
classical_models.csv,classical,random_forest,tfidf,1-2,negation,"{""max_features"": ""sqrt"", ""n_estimators"": 100} max_features=5000",0.84276,0.0025966131787387,not_run,not_run,not_run,not_run,not_run,not_run,49.93392248153687,not_run,not_run,True,not_run,not_run,not_run,not_run,not_run,not_run,not_run,not_run,not_run,not_run,not_run
classical_models.csv,classical,gradient_boosting,tfidf,1-2,negation,"{""learning_rate"": 0.1, ""max_depth"": 3, ""max_features"": ""sqrt"", ""n_estimators"": 100, ""subsample"": 0.8} max_features=5000",0.82108,0.0034096334113801,not_run,not_run,not_run,not_run,not_run,not_run,5.830739831924438,not_run,not_run,True,not_run,not_run,not_run,not_run,not_run,not_run,not_run,not_run,not_run,not_run,not_run
classical_models.csv,classical,voting_lr_nb,tfidf,1-2,negation,"{""C"": 10, ""alpha"": 0.5} max_features=30000",0.9024,0.0033752036975566,not_run,not_run,not_run,not_run,not_run,not_run,not_run,not_run,soft voting: LogisticRegression + MultinomialNB,True,not_run,not_run,not_run,not_run,not_run,not_run,not_run,not_run,not_run,not_run,not_run
tree_bias_variance.csv,tree_bias_variance,decision_tree,tfidf,1-2,negation,max_depth=3 max_features=5000,0.64932,0.0062961575583843,not_run,not_run,not_run,not_run,not_run,not_run,not_run,not_run,not_run,not_run,0.6524400000000001,0.0031200000000001,not_run,not_run,not_run,not_run,not_run,not_run,not_run,not_run,not_run
tree_bias_variance.csv,tree_bias_variance,decision_tree,tfidf,1-2,negation,max_depth=5 max_features=5000,0.68488,0.0059080961400437,not_run,not_run,not_run,not_run,not_run,not_run,not_run,not_run,not_run,not_run,0.69305,0.00817,not_run,not_run,not_run,not_run,not_run,not_run,not_run,not_run,not_run
tree_bias_variance.csv,tree_bias_variance,decision_tree,tfidf,1-2,negation,max_depth=10 max_features=5000,0.7227599999999998,0.0088881044098277,not_run,not_run,not_run,not_run,not_run,not_run,not_run,not_run,not_run,not_run,0.77222,0.0494600000000001,not_run,not_run,not_run,not_run,not_run,not_run,not_run,not_run,not_run
tree_bias_variance.csv,tree_bias_variance,decision_tree,tfidf,1-2,negation,max_depth=15 max_features=5000,0.7260399999999999,0.007795793737651,not_run,not_run,not_run,not_run,not_run,not_run,not_run,not_run,not_run,not_run,0.82043,0.09439,not_run,not_run,not_run,not_run,not_run,not_run,not_run,not_run,not_run
tree_bias_variance.csv,tree_bias_variance,decision_tree,tfidf,1-2,negation,max_depth=None max_features=5000,0.6986,0.0098808906481146,not_run,not_run,not_run,not_run,not_run,not_run,not_run,not_run,not_run,not_run,1.0,0.3014,not_run,not_run,not_run,not_run,not_run,not_run,not_run,not_run,not_run
ann_experiments.csv,ann_step_A,ann,tfidf,1-2,negation,"{""activation"": ""sigmoid"", ""hidden"": [30, 30, 20, 10, 10], ""l2"": 0.0, ""lr"": 0.001, ""optimizer"": ""adam""} max_features=30000",not_run,not_run,0.9018,not_run,not_run,not_run,not_run,not_run,51.15720796585083,not_run,not_run,not_run,not_run,not_run,paper_30-30-20-10-10,sigmoid,adam,0.0,11.0,not_run,not_run,not_run,not_run
ann_experiments.csv,ann_step_A,ann,tfidf,1-2,negation,"{""activation"": ""tanh"", ""hidden"": [30, 30, 20, 10, 10], ""l2"": 0.0, ""lr"": 0.001, ""optimizer"": ""adam""} max_features=30000",not_run,not_run,0.8886,not_run,not_run,not_run,not_run,not_run,20.694782257080078,not_run,not_run,not_run,not_run,not_run,paper_30-30-20-10-10,tanh,adam,0.0,5.0,not_run,not_run,not_run,not_run
ann_experiments.csv,ann_step_A,ann,tfidf,1-2,negation,"{""activation"": ""relu"", ""hidden"": [30, 30, 20, 10, 10], ""l2"": 0.0, ""lr"": 0.001, ""optimizer"": ""adam""} max_features=30000",not_run,not_run,0.893,not_run,not_run,not_run,not_run,not_run,20.083086490631104,not_run,not_run,not_run,not_run,not_run,paper_30-30-20-10-10,relu,adam,0.0,5.0,not_run,not_run,not_run,not_run
ann_experiments.csv,ann_step_A,ann,tfidf,1-2,negation,"{""activation"": ""sigmoid"", ""hidden"": [64, 32], ""l2"": 0.0, ""lr"": 0.001, ""optimizer"": ""adam""} max_features=30000",not_run,not_run,0.8984,not_run,not_run,not_run,not_run,not_run,45.985031843185425,not_run,not_run,not_run,not_run,not_run,64-32,sigmoid,adam,0.0,11.0,not_run,not_run,not_run,not_run
ann_experiments.csv,ann_step_A,ann,tfidf,1-2,negation,"{""activation"": ""tanh"", ""hidden"": [64, 32], ""l2"": 0.0, ""lr"": 0.001, ""optimizer"": ""adam""} max_features=30000",not_run,not_run,0.898,not_run,not_run,not_run,not_run,not_run,17.702146530151367,not_run,not_run,not_run,not_run,not_run,64-32,tanh,adam,0.0,5.0,not_run,not_run,not_run,not_run
ann_experiments.csv,ann_step_A,ann,tfidf,1-2,negation,"{""activation"": ""relu"", ""hidden"": [64, 32], ""l2"": 0.0, ""lr"": 0.001, ""optimizer"": ""adam""} max_features=30000",not_run,not_run,0.8992,not_run,not_run,not_run,not_run,not_run,17.699893474578857,not_run,not_run,not_run,not_run,not_run,64-32,relu,adam,0.0,5.0,not_run,not_run,not_run,not_run
ann_experiments.csv,ann_step_A,ann,tfidf,1-2,negation,"{""activation"": ""sigmoid"", ""hidden"": [128, 64, 32], ""l2"": 0.0, ""lr"": 0.001, ""optimizer"": ""adam""} max_features=30000",not_run,not_run,0.8998,not_run,not_run,not_run,not_run,not_run,71.23229193687439,not_run,not_run,not_run,not_run,not_run,128-64-32,sigmoid,adam,0.0,8.0,not_run,not_run,not_run,not_run
ann_experiments.csv,ann_step_A,ann,tfidf,1-2,negation,"{""activation"": ""tanh"", ""hidden"": [128, 64, 32], ""l2"": 0.0, ""lr"": 0.001, ""optimizer"": ""adam""} max_features=30000",not_run,not_run,0.8932,not_run,not_run,not_run,not_run,not_run,28.653180837631226,not_run,not_run,not_run,not_run,not_run,128-64-32,tanh,adam,0.0,4.0,not_run,not_run,not_run,not_run
ann_experiments.csv,ann_step_A,ann,tfidf,1-2,negation,"{""activation"": ""relu"", ""hidden"": [128, 64, 32], ""l2"": 0.0, ""lr"": 0.001, ""optimizer"": ""adam""} max_features=30000",not_run,not_run,0.8942,not_run,not_run,not_run,not_run,not_run,28.381524801254272,not_run,not_run,not_run,not_run,not_run,128-64-32,relu,adam,0.0,4.0,not_run,not_run,not_run,not_run
ann_experiments.csv,ann_step_B,ann,tfidf,1-2,negation,"{""activation"": ""sigmoid"", ""hidden"": [30, 30, 20, 10, 10], ""l2"": 0.0, ""lr"": 0.1, ""optimizer"": ""sgd""} max_features=30000",not_run,not_run,0.5,not_run,not_run,not_run,not_run,not_run,3.457538604736328,not_run,not_run,not_run,not_run,not_run,paper_30-30-20-10-10,sigmoid,sgd,0.0,4.0,not_run,not_run,not_run,not_run
ann_experiments.csv,ann_step_B,ann,tfidf,1-2,negation,"{""activation"": ""sigmoid"", ""hidden"": [30, 30, 20, 10, 10], ""l2"": 0.0, ""lr"": 0.05, ""optimizer"": ""momentum""} max_features=30000",not_run,not_run,0.5,not_run,not_run,not_run,not_run,not_run,4.493256330490112,not_run,not_run,not_run,not_run,not_run,paper_30-30-20-10-10,sigmoid,momentum,0.0,5.0,not_run,not_run,not_run,not_run
ann_experiments.csv,ann_step_B,ann,tfidf,1-2,negation,"{""activation"": ""sigmoid"", ""hidden"": [30, 30, 20, 10, 10], ""l2"": 0.0, ""lr"": 0.05, ""optimizer"": ""adagrad""} max_features=30000",not_run,not_run,0.8804,not_run,not_run,not_run,not_run,not_run,5.223531723022461,not_run,not_run,not_run,not_run,not_run,paper_30-30-20-10-10,sigmoid,adagrad,0.0,4.0,not_run,not_run,not_run,not_run
ann_experiments.csv,ann_step_C,ann,tfidf,1-2,negation,"{""activation"": ""sigmoid"", ""hidden"": [30, 30, 20, 10, 10], ""l2"": 1e-05, ""lr"": 0.001, ""optimizer"": ""adam""} max_features=30000",not_run,not_run,0.5,not_run,not_run,not_run,not_run,not_run,8.05640959739685,not_run,not_run,not_run,not_run,not_run,paper_30-30-20-10-10,sigmoid,adam,1e-05,4.0,not_run,not_run,not_run,not_run
ann_experiments.csv,ann_step_C,ann,tfidf,1-2,negation,"{""activation"": ""sigmoid"", ""hidden"": [30, 30, 20, 10, 10], ""l2"": 0.0001, ""lr"": 0.001, ""optimizer"": ""adam""} max_features=30000",not_run,not_run,0.5,not_run,not_run,not_run,not_run,not_run,8.004086256027222,not_run,not_run,not_run,not_run,not_run,paper_30-30-20-10-10,sigmoid,adam,0.0001,4.0,not_run,not_run,not_run,not_run
ann_experiments.csv,ann_step_C,ann,tfidf,1-2,negation,"{""activation"": ""sigmoid"", ""hidden"": [30, 30, 20, 10, 10], ""l2"": 0.001, ""lr"": 0.001, ""optimizer"": ""adam""} max_features=30000",not_run,not_run,0.5,not_run,not_run,not_run,not_run,not_run,7.749248266220093,not_run,not_run,not_run,not_run,not_run,paper_30-30-20-10-10,sigmoid,adam,0.001,4.0,not_run,not_run,not_run,not_run
ann_experiments.csv,ann_cv_feature_improved_paper_ann,ann,tfidf,1-2,negation,"{""activation"": ""relu"", ""hidden"": [30, 30, 20, 10, 10], ""l2"": 0.0, ""lr"": 0.001, ""optimizer"": ""adam""} max_features=30000",0.9014,0.004005995506737346,not_run,not_run,not_run,not_run,not_run,not_run,not_run,not_run,not_run,not_run,not_run,not_run,paper_30-30-20-10-10,relu,adam,0.0,not_run,not_run,not_run,not_run,not_run
ann_experiments.csv,ann_cv_best,ann,tfidf,1-2,negation,"{""activation"": ""sigmoid"", ""hidden"": [30, 30, 20, 10, 10], ""l2"": 0.0, ""lr"": 0.001, ""optimizer"": ""adam""} max_features=30000",0.90388,0.00333850265837845,not_run,not_run,not_run,not_run,not_run,not_run,not_run,not_run,not_run,not_run,not_run,not_run,paper_30-30-20-10-10,sigmoid,adam,0.0,not_run,not_run,not_run,not_run,not_run
final_results.csv,PAPER REPRODUCTION,ann,binary,1-3,basic,"{""activation"": ""relu"", ""hidden"": [30, 30, 20, 10, 10], ""l2"": 0.0, ""lr"": 0.001, ""optimizer"": ""adam""} max_features=30000",0.88888,not_run,not_run,0.89224,0.8936255619781631,0.89048,0.894,0.9551598944,12.815002918243408,0.8881139755249023,candidate label: paper ANN,not_run,not_run,not_run,not_run,not_run,not_run,not_run,not_run,11175.0,1325.0,1369.0,11131.0
final_results.csv,OUR MINIMAL IMPROVEMENT - step 1: features only (paper ANN + best features),ann,tfidf,1-2,negation,"{""activation"": ""relu"", ""hidden"": [30, 30, 20, 10, 10], ""l2"": 0.0, ""lr"": 0.001, ""optimizer"": ""adam""} max_features=30000",0.9014,not_run,not_run,0.9008,0.8911007025761124,0.9132,0.8884,0.9632872,8.801271677017212,0.6268134117126465,candidate label: paper ANN + best features,not_run,not_run,not_run,not_run,not_run,not_run,not_run,not_run,11105.0,1395.0,1085.0,11415.0
final_results.csv,OUR MINIMAL IMPROVEMENT - FINAL MODEL (selected by CV),ann,tfidf,1-2,negation,"{""activation"": ""sigmoid"", ""hidden"": [30, 30, 20, 10, 10], ""l2"": 0.0, ""lr"": 0.001, ""optimizer"": ""adam""} max_features=30000",0.90388,not_run,not_run,0.9028,0.9164598842018196,0.8864,0.9192,0.9657690304,20.51297092437744,0.6498973369598389,candidate label: best ANN,not_run,not_run,not_run,not_run,not_run,not_run,not_run,not_run,11490.0,1010.0,1420.0,11080.0
